{"cameraMode":{"drawMode":0,"name":"Shaded","section":"Shading Mode"},"sceneLighting":true,"audioPlay":false,"sceneViewState":{"showFog":true,"showMaterialUpdate":true,"showSkybox":true,"showFlares":true,"showImageEffects":true,"showParticleSystems":true},"in2DMode":false,"pivot":{"x":47.8671760559082,"y":5.985832691192627,"z":17.671598434448243},"rotation":{"x":0.18743880093097688,"y":0.26446470618247988,"z":-0.05248120054602623,"w":0.9445479512214661},"size":5.888458251953125,"orthographic":false}